{"priority_zones":[{"name":"Hawaii","localized_name":"Hawaii (-10:00)"},{"name":"Alaska","localized_name":"Alaska (-09:00/-08:00)"},{"name":"Pacific Time (US \u0026 Canada)","localized_name":"Pacific Time (US \u0026 Canada) (-08:00/-07:00)"},{"name":"Arizona","localized_name":"Arizona (-07:00)"},{"name":"Mountain Time (US \u0026 Canada)","localized_name":"Mountain Time (US \u0026 Canada) (-07:00/-06:00)"},{"name":"Central Time (US \u0026 Canada)","localized_name":"Central Time (US \u0026 Canada) (-06:00/-05:00)"},{"name":"Eastern Time (US \u0026 Canada)","localized_name":"Eastern Time (US \u0026 Canada) (-05:00/-04:00)"},{"name":"Indiana (East)","localized_name":"Indiana (East) (-05:00/-04:00)"}],"timezones":[{"name":"International Date Line West","localized_name":"International Date Line West (-12:00)"},{"name":"American Samoa","localized_name":"American Samoa (-11:00)"},{"name":"Midway Island","localized_name":"Midway Island (-11:00)"},{"name":"Hawaii","localized_name":"Hawaii (-10:00)"},{"name":"Alaska","localized_name":"Alaska (-09:00/-08:00)"},{"name":"Pacific Time (US \u0026 Canada)","localized_name":"Pacific Time (US \u0026 Canada) (-08:00/-07:00)"},{"name":"Tijuana","localized_name":"Tijuana (-08:00/-07:00)"},{"name":"Arizona","localized_name":"Arizona (-07:00)"},{"name":"Chihuahua","localized_name":"Chihuahua (-07:00/-06:00)"},{"name":"Mazatlan","localized_name":"Mazatlan (-07:00/-06:00)"},{"name":"Mountain Time (US \u0026 Canada)","localized_name":"Mountain Time (US  \u0026 Canada) (-07:00/-06:00)"},{"name":"Central America","localized_name":"Central America (-06:00)"},{"name":"Central Time (US \u0026 Canada)","localized_name":"Central Time (US \u0026 Canada) (-06:00/-05:00)"},{"name":"Guadalajara","localized_name":"Guadalajara (-06:00/-05:00)"},{"name":"Mexico City","localized_name":"Mexico City (-06:00/-05:00)"},{"name":"Monterrey","localized_name":"Monterrey (-06:00/-05:00)"},{"name":"Saskatchewan","localized_name":"Saskatchewan (-06:00)"},{"name":"Bogota","localized_name":"Bogota (-05:00)"},{"name":"Eastern Time (US \u0026 Canada)","localized_name":"Eastern Time (US \u0026 Canada) (-05:00/-04:00)"},{"name":"Eirunepe","localized_name":"Eirunepe (-05:00)"},{"name":"Indiana (East)","localized_name":"Indiana (East) (-05:00/-04:00)"},{"name":"Lima","localized_name":"Lima (-05:00)"},{"name":"Quito","localized_name":"Quito (-05:00)"},{"name":"Asuncion","localized_name":"Asuncion (-04:00/-03:00)"},{"name":"Atlantic Time (Canada)","localized_name":"Atlantic Time (Canada) (-04:00/-03:00)"},{"name":"Caracas","localized_name":"Caracas (-04:00)"},{"name":"Cuiaba","localized_name":"Cuiaba (-04:00/-03:00)"},{"name":"Georgetown","localized_name":"Georgetown (-04:00)"},{"name":"La Paz","localized_name":"La Paz (-04:00)"},{"name":"Manaus","localized_name":"Manaus (-04:00)"},{"name":"Puerto Rico","localized_name":"translation missing: en.time_zones.puerto_rico (-04:00)"},{"name":"Santiago","localized_name":"Santiago (-04:00/-03:00)"},{"name":"Newfoundland","localized_name":"Newfoundland (-03:30/-02:30)"},{"name":"Brasilia","localized_name":"Brasilia (-03:00/-02:00)"},{"name":"Buenos Aires","localized_name":"Buenos Aires (-03:00)"},{"name":"Fortaleza","localized_name":"Fortaleza (-03:00)"},{"name":"Greenland","localized_name":"Greenland (-03:00/-02:00)"},{"name":"Montevideo","localized_name":"Montevideo (-03:00)"},{"name":"Mid-Atlantic","localized_name":"Mid-Atlantic (-02:00)"},{"name":"Noronha","localized_name":"Noronha (-02:00)"},{"name":"Azores","localized_name":"Azores (-01:00/+00:00)"},{"name":"Cape Verde Is.","localized_name":"Cape Verde Is. (-01:00)"},{"name":"Casablanca","localized_name":"Casablanca (+00:00/+01:00)"},{"name":"Dublin","localized_name":"Dublin (+00:00/+01:00)"},{"name":"Edinburgh","localized_name":"Edinburgh (+00:00/+01:00)"},{"name":"Lisbon","localized_name":"Lisbon (+00:00/+01:00)"},{"name":"London","localized_name":"London (+00:00/+01:00)"},{"name":"Monrovia","localized_name":"Monrovia (+00:00)"},{"name":"UTC","localized_name":"UTC (+00:00)"},{"name":"Amsterdam","localized_name":"Amsterdam (+01:00/+02:00)"},{"name":"Belgrade","localized_name":"Belgrade (+01:00/+02:00)"},{"name":"Berlin","localized_name":"Berlin (+01:00/+02:00)"},{"name":"Bern","localized_name":"Bern (+01:00/+02:00)"},{"name":"Bratislava","localized_name":"Bratislava (+01:00/+02:00)"},{"name":"Brussels","localized_name":"Brussels (+01:00/+02:00)"},{"name":"Budapest","localized_name":"Budapest (+01:00/+02:00)"},{"name":"Copenhagen","localized_name":"Copenhagen (+01:00/+02:00)"},{"name":"Ljubljana","localized_name":"Ljubljana (+01:00/+02:00)"},{"name":"Madrid","localized_name":"Madrid (+01:00/+02:00)"},{"name":"Paris","localized_name":"Paris (+01:00/+02:00)"},{"name":"Prague","localized_name":"Prague (+01:00/+02:00)"},{"name":"Rome","localized_name":"Rome (+01:00/+02:00)"},{"name":"Sarajevo","localized_name":"Sarajevo (+01:00/+02:00)"},{"name":"Skopje","localized_name":"Skopje (+01:00/+02:00)"},{"name":"Stockholm","localized_name":"Stockholm (+01:00/+02:00)"},{"name":"Vienna","localized_name":"Vienna (+01:00/+02:00)"},{"name":"Warsaw","localized_name":"Warsaw (+01:00/+02:00)"},{"name":"West Central Africa","localized_name":"West Central Africa (+01:00)"},{"name":"Zagreb","localized_name":"Zagreb (+01:00/+02:00)"},{"name":"Zurich","localized_name":"Zurich (+01:00/+02:00)"},{"name":"Athens","localized_name":"Athens (+02:00/+03:00)"},{"name":"Bucharest","localized_name":"Bucharest (+02:00/+03:00)"},{"name":"Cairo","localized_name":"Cairo (+02:00)"},{"name":"Harare","localized_name":"Harare (+02:00)"},{"name":"Helsinki","localized_name":"Helsinki (+02:00/+03:00)"},{"name":"Jerusalem","localized_name":"Jerusalem (+02:00/+03:00)"},{"name":"Kaliningrad","localized_name":"Kaliningrad (+02:00)"},{"name":"Kyiv","localized_name":"Kyiv (+02:00/+03:00)"},{"name":"Pretoria","localized_name":"Pretoria (+02:00)"},{"name":"Riga","localized_name":"Riga (+02:00/+03:00)"},{"name":"Sofia","localized_name":"Sofia (+02:00/+03:00)"},{"name":"Tallinn","localized_name":"Tallinn (+02:00/+03:00)"},{"name":"Vilnius","localized_name":"Vilnius (+02:00/+03:00)"},{"name":"Baghdad","localized_name":"Baghdad (+03:00)"},{"name":"Istanbul","localized_name":"Istanbul (+03:00)"},{"name":"Kuwait","localized_name":"Kuwait (+03:00)"},{"name":"Minsk","localized_name":"Minsk (+03:00)"},{"name":"Moscow","localized_name":"Moscow (+03:00)"},{"name":"Nairobi","localized_name":"Nairobi (+03:00)"},{"name":"Riyadh","localized_name":"Riyadh (+03:00)"},{"name":"St. Petersburg","localized_name":"St. Petersburg (+03:00)"},{"name":"Tehran","localized_name":"Tehran (+03:30/+04:30)"},{"name":"Abu Dhabi","localized_name":"Abu Dhabi (+04:00)"},{"name":"Baku","localized_name":"Baku (+04:00)"},{"name":"Muscat","localized_name":"Muscat (+04:00)"},{"name":"Samara","localized_name":"Samara (+04:00)"},{"name":"Tbilisi","localized_name":"Tbilisi (+04:00)"},{"name":"Volgograd","localized_name":"Volgograd (+04:00)"},{"name":"Yerevan","localized_name":"Yerevan (+04:00)"},{"name":"Kabul","localized_name":"Kabul (+04:30)"},{"name":"Ekaterinburg","localized_name":"Ekaterinburg (+05:00)"},{"name":"Islamabad","localized_name":"Islamabad (+05:00)"},{"name":"Karachi","localized_name":"Karachi (+05:00)"},{"name":"Tashkent","localized_name":"Tashkent (+05:00)"},{"name":"Chennai","localized_name":"Chennai (+05:30)"},{"name":"Kolkata","localized_name":"Kolkata (+05:30)"},{"name":"Mumbai","localized_name":"Mumbai (+05:30)"},{"name":"New Delhi","localized_name":"New Delhi (+05:30)"},{"name":"Sri Jayawardenepura","localized_name":"Sri Jayawardenepura (+05:30)"},{"name":"Kathmandu","localized_name":"Kathmandu (+05:45)"},{"name":"Almaty","localized_name":"Almaty (+06:00)"},{"name":"Astana","localized_name":"Astana (+06:00)"},{"name":"Dhaka","localized_name":"Dhaka (+06:00)"},{"name":"Urumqi","localized_name":"Urumqi (+06:00)"},{"name":"Rangoon","localized_name":"Rangoon (+06:30)"},{"name":"Bangkok","localized_name":"Bangkok (+07:00)"},{"name":"Hanoi","localized_name":"Hanoi (+07:00)"},{"name":"Jakarta","localized_name":"Jakarta (+07:00)"},{"name":"Krasnoyarsk","localized_name":"Krasnoyarsk (+07:00)"},{"name":"Novosibirsk","localized_name":"Novosibirsk (+07:00)"},{"name":"Beijing","localized_name":"Beijing (+08:00)"},{"name":"Chongqing","localized_name":"Chongqing (+08:00)"},{"name":"Hong Kong","localized_name":"Hong Kong (+08:00)"},{"name":"Irkutsk","localized_name":"Irkutsk (+08:00)"},{"name":"Kuala Lumpur","localized_name":"Kuala Lumpur (+08:00)"},{"name":"Perth","localized_name":"Perth (+08:00)"},{"name":"Philippines","localized_name":"Philippines (+08:00)"},{"name":"Singapore","localized_name":"Singapore (+08:00)"},{"name":"Taipei","localized_name":"Taipei (+08:00)"},{"name":"Ulaanbaatar","localized_name":"Ulaanbaatar (+08:00)"},{"name":"Osaka","localized_name":"Osaka (+09:00)"},{"name":"Sapporo","localized_name":"Sapporo (+09:00)"},{"name":"Seoul","localized_name":"Seoul (+09:00)"},{"name":"Tokyo","localized_name":"Tokyo (+09:00)"},{"name":"Yakutsk","localized_name":"Yakutsk (+09:00)"},{"name":"Adelaide","localized_name":"Adelaide (+09:30/+10:30)"},{"name":"Darwin","localized_name":"Darwin (+09:30)"},{"name":"Brisbane","localized_name":"Brisbane (+10:00)"},{"name":"Canberra","localized_name":"Canberra (+10:00/+11:00)"},{"name":"Guam","localized_name":"Guam (+10:00)"},{"name":"Hobart","localized_name":"Hobart (+10:00/+11:00)"},{"name":"Melbourne","localized_name":"Melbourne (+10:00/+11:00)"},{"name":"Port Moresby","localized_name":"Port Moresby (+10:00)"},{"name":"Sydney","localized_name":"Sydney (+10:00/+11:00)"},{"name":"Vladivostok","localized_name":"Vladivostok (+10:00)"},{"name":"Magadan","localized_name":"Magadan (+11:00)"},{"name":"New Caledonia","localized_name":"New Caledonia (+11:00)"},{"name":"Solomon Is.","localized_name":"Solomon Is. (+11:00)"},{"name":"Srednekolymsk","localized_name":"Srednekolymsk (+11:00)"},{"name":"Auckland","localized_name":"Auckland (+12:00/+13:00)"},{"name":"Fiji","localized_name":"Fiji (+12:00/+13:00)"},{"name":"Kamchatka","localized_name":"Kamchatka (+12:00)"},{"name":"Marshall Is.","localized_name":"Marshall Is. (+12:00)"},{"name":"Wellington","localized_name":"Wellington (+12:00/+13:00)"},{"name":"Chatham Is.","localized_name":"Chatham Is. (+12:45/+13:45)"},{"name":"Nuku'alofa","localized_name":"Nuku'alofa (+13:00)"},{"name":"Samoa","localized_name":"Samoa (+13:00/+14:00)"},{"name":"Tokelau Is.","localized_name":"Tokelau Is. (+13:00)"}]}